Ch1,Ch2,Ch3,Fold 0,Fold 1,Fold 2,Fold 3,Fold 4,Fold 5,Fold 6,ACC AVG
Fp1,Fp2,F7,0.6981231826592651,0.8419243986254296,0.5527359238699445,0.8078465063001146,0.6716891356066613,0.4943166798836902,0.8236849061591329,0.6986172475863196
Fp1,Fp2,F3,0.8131112873380915,0.8598995506212002,0.7279936558287073,0.8619702176403208,0.6320380650277557,0.5025112344699973,0.8160190325138779,0.7447918633485644
